[  
   {  
      "name":"John Barker",
      "position":"Accountant",
      "pic":"https://place-hold.it/250x250",
      "email":"jbaker@bulkit.io"
   },
   {  
      "name":"Terry Daniels",
      "position":"Support",
      "pic":"https://place-hold.it/250x250",
      "email":"tdaniels@bulkit.io"
   },
   {  
      "name":"Michelle Farlane",
      "position":"Sales",
      "pic":"https://place-hold.it/250x250",
      "email":"mfarlane@bulkit.io"
   },
   {  
      "name":"Stephany Huds",
      "position":"Sales",
      "pic":"https://place-hold.it/250x250",
      "email":"shuds@bulkit.io"
   },
   {  
      "name":"Mike Johnson",
      "position":"CTO",
      "pic":"https://place-hold.it/250x250",
      "email":"mjohnson@bulkit.io"
   },
   {  
      "name":"Alan Kovalsky",
      "position":"CEO",
      "pic":"https://place-hold.it/250x250",
      "email":"akovalsky@bulkit.io"
   },
   {  
      "name":"Anna Korsk",
      "position":"Support",
      "pic":"https://place-hold.it/250x250",
      "email":"akorsk@bulkit.io"
   },
   {  
      "name":"July Lawels",
      "position":"Marketing",
      "pic":"https://place-hold.it/250x250",
      "email":"jlawels@bulkit.io"
   },
   {  
      "name":"Jake Markie",
      "position":"CFO",
      "pic":"https://place-hold.it/250x250",
      "email":"jmarkie@bulkit.io"
   },
   {  
      "name":"Kareem Jabbar",
      "position":"Support",
      "pic":"https://place-hold.it/250x250",
      "email":"kjabbar@bulkit.io"
   },
   {  
      "name":"Helen Miller",
      "position":"Sales",
      "pic":"https://place-hold.it/250x250",
      "email":"hmiller@bulkit.io"
   },
   {  
      "name":"Judith Nate",
      "position":"Marketing",
      "pic":"https://place-hold.it/250x250",
      "email":"jnate@bulkit.io"
   },
   {  
      "name":"Nathan O' Reilly",
      "position":"Support",
      "pic":"https://place-hold.it/250x250",
      "email":"noreilly@bulkit.io"
   },
   {  
      "name":"Samantha Rogers",
      "position":"Sales rep",
      "pic":"https://place-hold.it/250x250",
      "email":"srogers@bulkit.io"
   },
   {  
      "name":"Kevin Smith",
      "position":"Marketing",
      "pic":"https://place-hold.it/250x250",
      "email":"ksmith@bulkit.io"
   }
]